,male,female,id
ageCat1,155,150,zcta1
ageCat2,359,360, 
ageCat3,455,414, 
ageCat4,465,496, 
ageCat5,755,850, 
ageCat6,864,976, 
ageCat7,553,593, 
ageCat8,235,231, 
, , , 
ageCat1,199,182,zcta2
ageCat2,544,514, 
ageCat3,670,590, 
ageCat4,591,589, 
ageCat5,892,865, 
ageCat6,405,456, 
ageCat7,260,234, 
ageCat8,132,150, 
, , , 
ageCat1,402,425,zcta3
ageCat2,1054,983, 
ageCat3,1448,1275, 
ageCat4,1143,1207, 
ageCat5,1995,2271, 
ageCat6,1280,1331, 
ageCat7,722,758, 
ageCat8,458,757, 
, , , 
ageCat1,639,642,zcta4
ageCat2,1503,1468, 
ageCat3,2576,2249, 
ageCat4,2240,2180, 
ageCat5,3301,3629, 
ageCat6,1721,1891, 
ageCat7,896,1150, 
ageCat8,606,1153, 
, , , 
ageCat1,583,578,zcta5
ageCat2,1001,1001, 
ageCat3,1792,1597, 
ageCat4,1479,1299, 
ageCat5,1268,1328, 
ageCat6,503,584, 
ageCat7,311,434, 
ageCat8,178,243, 
, , , 
ageCat1,4,2,zcta6
ageCat2,17,10, 
ageCat3,23,23, 
ageCat4,16,16, 
ageCat5,27,24, 
ageCat6,8,10, 
ageCat7,6,4, 
ageCat8,2,4, 
, , , 
ageCat1,6,8,zcta7
ageCat2,27,24, 
ageCat3,24,25, 
ageCat4,39,26, 
ageCat5,71,65, 
ageCat6,30,34, 
ageCat7,21,11, 
ageCat8,5,15, 
, , , 
ageCat1,1621,1561,zcta8
ageCat2,3320,3308, 
ageCat3,5497,5353, 
ageCat4,4671,5082, 
ageCat5,6547,7385, 
ageCat6,3007,3528, 
ageCat7,1773,2383, 
ageCat8,1581,2801, 
, , , 
ageCat1,1583,1463,zcta9
ageCat2,2775,2610, 
ageCat3,5228,5215, 
ageCat4,4373,4294, 
ageCat5,4309,4610, 
ageCat6,1832,2129, 
ageCat7,958,1234, 
ageCat8,526,1008, 
, , , 
ageCat1,32,30,zcta10
ageCat2,94,81, 
ageCat3,111,85, 
ageCat4,102,98, 
ageCat5,150,155, 
ageCat6,71,70, 
ageCat7,46,52, 
ageCat8,25,37, 
, , , 
ageCat1,90,82,zcta11
ageCat2,214,236, 
ageCat3,240,262, 
ageCat4,279,311, 
ageCat5,522,587, 
ageCat6,314,284, 
ageCat7,146,157, 
ageCat8,51,58, 
, , , 
ageCat1,30,29,zcta12
ageCat2,62,51, 
ageCat3,93,76, 
ageCat4,77,77, 
ageCat5,93,77, 
ageCat6,51,35, 
ageCat7,14,18, 
ageCat8,22,29, 
, , , 
ageCat1,727,682,zcta13
ageCat2,1546,1534, 
ageCat3,11477,13587, 
ageCat4,3001,2899, 
ageCat5,2628,3147, 
ageCat6,1392,1565, 
ageCat7,685,861, 
ageCat8,478,823, 
, , , 
ageCat1,667,648,zcta14
ageCat2,1897,1730, 
ageCat3,4554,4649, 
ageCat4,2199,2482, 
ageCat5,2439,2651, 
ageCat6,886,1017, 
ageCat7,430,472, 
ageCat8,202,358, 
, , , 
ageCat1,142,151,zcta15
ageCat2,295,269, 
ageCat3,441,446, 
ageCat4,392,398, 
ageCat5,497,594, 
ageCat6,244,303, 
ageCat7,154,226, 
ageCat8,111,179, 
, , , 
ageCat1,751,724,zcta16
ageCat2,1721,1587, 
ageCat3,2330,2206, 
ageCat4,2059,2151, 
ageCat5,2073,2162, 
ageCat6,757,793, 
ageCat7,369,443, 
ageCat8,173,254, 
, , , 
ageCat1,1287,1278,zcta17
ageCat2,2548,2454, 
ageCat3,4159,4112, 
ageCat4,3999,3816, 
ageCat5,3845,4271, 
ageCat6,1647,2174, 
ageCat7,1027,1461, 
ageCat8,613,1128, 
, , , 
ageCat1,85,86,zcta18
ageCat2,219,194, 
ageCat3,300,274, 
ageCat4,259,269, 
ageCat5,530,547, 
ageCat6,296,295, 
ageCat7,135,154, 
ageCat8,66,97, 
, , , 
ageCat1,2048,1947,zcta19
ageCat2,5405,5059, 
ageCat3,6474,6153, 
ageCat4,5910,6764, 
ageCat5,6495,6923, 
ageCat6,2326,2574, 
ageCat7,1126,1310, 
ageCat8,534,941, 
, , , 
ageCat1,185,160,zcta20
ageCat2,441,386, 
ageCat3,630,593, 
ageCat4,507,500, 
ageCat5,750,793, 
ageCat6,294,288, 
ageCat7,134,162, 
ageCat8,53,99, 
, , , 
ageCat1,112,113,zcta21
ageCat2,270,291, 
ageCat3,421,369, 
ageCat4,336,347, 
ageCat5,343,349, 
ageCat6,148,150, 
ageCat7,93,85, 
ageCat8,35,51, 
, , , 
ageCat1,987,899,zcta22
ageCat2,2353,2222, 
ageCat3,3617,3437, 
ageCat4,3344,3406, 
ageCat5,4651,5077, 
ageCat6,2456,2802, 
ageCat7,1398,1612, 
ageCat8,766,1169, 
, , , 
ageCat1,15,14,zcta23
ageCat2,30,47, 
ageCat3,52,48, 
ageCat4,53,39, 
ageCat5,110,139, 
ageCat6,79,81, 
ageCat7,49,40, 
ageCat8,22,14, 
, , , 
ageCat1,2242,2189,zcta24
ageCat2,5223,5023, 
ageCat3,7586,5538, 
ageCat4,10410,7723, 
ageCat5,8571,7553, 
ageCat6,2542,2797, 
ageCat7,1239,1575, 
ageCat8,653,1316, 
, , , 
ageCat1,126,148,zcta25
ageCat2,359,302, 
ageCat3,452,447, 
ageCat4,436,452, 
ageCat5,900,906, 
ageCat6,444,445, 
ageCat7,229,215, 
ageCat8,94,121, 
, , , 
ageCat1,1028,1026,zcta26
ageCat2,2594,2447, 
ageCat3,3089,2971, 
ageCat4,2906,2895, 
ageCat5,2929,2942, 
ageCat6,1121,1229, 
ageCat7,581,741, 
ageCat8,302,468, 
, , , 
ageCat1,65,60,zcta27
ageCat2,196,151, 
ageCat3,278,249, 
ageCat4,219,254, 
ageCat5,495,485, 
ageCat6,277,274, 
ageCat7,130,116, 
ageCat8,45,55, 
, , , 
ageCat1,68,78,zcta28
ageCat2,152,158, 
ageCat3,293,219, 
ageCat4,285,223, 
ageCat5,449,417, 
ageCat6,242,244, 
ageCat7,137,123, 
ageCat8,65,79, 
, , , 
ageCat1,25,35,zcta29
ageCat2,71,67, 
ageCat3,143,82, 
ageCat4,102,92, 
ageCat5,177,181, 
ageCat6,100,87, 
ageCat7,34,28, 
ageCat8,18,20, 
, , , 
ageCat1,32,21,zcta30
ageCat2,79,64, 
ageCat3,79,72, 
ageCat4,83,93, 
ageCat5,159,153, 
ageCat6,87,70, 
ageCat7,40,41, 
ageCat8,14,14, 
, , , 
ageCat1,4,3,zcta31
ageCat2,12,16, 
ageCat3,32,30, 
ageCat4,20,22, 
ageCat5,52,55, 
ageCat6,37,33, 
ageCat7,24,19, 
ageCat8,4,7, 
, , , 
ageCat1,55,52,zcta32
ageCat2,179,147, 
ageCat3,223,199, 
ageCat4,179,176, 
ageCat5,299,304, 
ageCat6,151,133, 
ageCat7,54,53, 
ageCat8,24,27, 
, , , 
ageCat1,4,8,zcta33
ageCat2,16,18, 
ageCat3,31,17, 
ageCat4,23,29, 
ageCat5,38,34, 
ageCat6,17,20, 
ageCat7,7,9, 
ageCat8,5,7, 
, , , 
ageCat1,199,184,zcta34
ageCat2,488,488, 
ageCat3,1519,570, 
ageCat4,2236,639, 
ageCat5,2207,819, 
ageCat6,681,504, 
ageCat7,282,272, 
ageCat8,128,137, 
, , , 
ageCat1,45,39,zcta35
ageCat2,90,101, 
ageCat3,163,125, 
ageCat4,128,140, 
ageCat5,279,224, 
ageCat6,194,167, 
ageCat7,117,89, 
ageCat8,39,46, 
, , , 
ageCat1,97,84,zcta36
ageCat2,157,138, 
ageCat3,220,183, 
ageCat4,215,195, 
ageCat5,233,200, 
ageCat6,88,85, 
ageCat7,50,44, 
ageCat8,22,26, 
, , , 
ageCat1,1768,1734,zcta37
ageCat2,3149,3054, 
ageCat3,3493,3445, 
ageCat4,4567,4496, 
ageCat5,3465,3798, 
ageCat6,3033,4026, 
ageCat7,2451,2689, 
ageCat8,978,1208, 
, , , 
ageCat1,266,279,zcta38
ageCat2,917,801, 
ageCat3,1092,964, 
ageCat4,913,1015, 
ageCat5,1697,1688, 
ageCat6,733,783, 
ageCat7,406,430, 
ageCat8,191,272, 
, , , 
ageCat1,17,13,zcta39
ageCat2,29,30, 
ageCat3,49,46, 
ageCat4,65,58, 
ageCat5,96,88, 
ageCat6,57,39, 
ageCat7,16,15, 
ageCat8,7,12, 
, , , 
ageCat1,40,32,zcta40
ageCat2,76,69, 
ageCat3,131,168, 
ageCat4,35,74, 
ageCat5,47,35, 
ageCat6,7,9, 
ageCat7,3,7, 
ageCat8,2,4, 
, , , 
ageCat1,21,24,zcta41
ageCat2,56,37, 
ageCat3,77,62, 
ageCat4,39,41, 
ageCat5,58,48, 
ageCat6,12,16, 
ageCat7,7,9, 
ageCat8,10,10, 
, , , 
ageCat1,226,185,zcta42
ageCat2,393,385, 
ageCat3,413,387, 
ageCat4,596,634, 
ageCat5,395,359, 
ageCat6,107,122, 
ageCat7,37,38, 
ageCat8,16,21, 
, , , 
ageCat1,123,143,zcta43
ageCat2,390,357, 
ageCat3,491,433, 
ageCat4,384,419, 
ageCat5,887,909, 
ageCat6,481,468, 
ageCat7,255,265, 
ageCat8,131,149, 
, , , 
ageCat1,17,14,zcta44
ageCat2,45,33, 
ageCat3,57,55, 
ageCat4,66,42, 
ageCat5,94,89, 
ageCat6,51,49, 
ageCat7,28,30, 
ageCat8,14,18, 
, , , 
ageCat1,1289,1238,zcta45
ageCat2,2488,2284, 
ageCat3,3629,3566, 
ageCat4,2862,2825, 
ageCat5,2875,2956, 
ageCat6,993,1154, 
ageCat7,647,967, 
ageCat8,366,575, 
, , , 
ageCat1,860,811,zcta46
ageCat2,1918,1987, 
ageCat3,2905,2814, 
ageCat4,2646,2936, 
ageCat5,3132,3470, 
ageCat6,1435,1643, 
ageCat7,718,935, 
ageCat8,478,1103, 
, , , 
ageCat1,856,805,zcta47
ageCat2,2110,1942, 
ageCat3,3144,2926, 
ageCat4,2929,2877, 
ageCat5,3784,3949, 
ageCat6,1583,1689, 
ageCat7,733,963, 
ageCat8,446,822, 
, , , 
ageCat1,48,45,zcta48
ageCat2,148,156, 
ageCat3,184,165, 
ageCat4,162,191, 
ageCat5,325,365, 
ageCat6,172,154, 
ageCat7,81,75, 
ageCat8,50,56, 
, , , 
ageCat1,27,27,zcta49
ageCat2,84,88, 
ageCat3,108,90, 
ageCat4,88,89, 
ageCat5,217,226, 
ageCat6,119,95, 
ageCat7,47,30, 
ageCat8,25,20, 
, , , 
ageCat1,860,852,zcta50
ageCat2,2046,2011, 
ageCat3,3077,2759, 
ageCat4,2602,2705, 
ageCat5,4614,5002, 
ageCat6,2576,2678, 
ageCat7,1380,1432, 
ageCat8,754,1378, 
, , , 
ageCat1,25,17,zcta51
ageCat2,67,48, 
ageCat3,71,72, 
ageCat4,79,60, 
ageCat5,101,98, 
ageCat6,48,40, 
ageCat7,37,27, 
ageCat8,12,13, 
, , , 
ageCat1,52,72,zcta52
ageCat2,134,151, 
ageCat3,175,173, 
ageCat4,182,166, 
ageCat5,290,337, 
ageCat6,189,180, 
ageCat7,101,105, 
ageCat8,61,75, 
, , , 
ageCat1,1948,1881,zcta53
ageCat2,3664,3407, 
ageCat3,5683,5749, 
ageCat4,5060,5221, 
ageCat5,5201,5763, 
ageCat6,2165,2482, 
ageCat7,1318,1706, 
ageCat8,655,1070, 
, , , 
ageCat1,126,107,zcta54
ageCat2,367,325, 
ageCat3,400,335, 
ageCat4,345,359, 
ageCat5,664,703, 
ageCat6,312,329, 
ageCat7,149,131, 
ageCat8,50,71, 
, , , 
ageCat1,541,498,zcta55
ageCat2,1185,1114, 
ageCat3,1733,1564, 
ageCat4,1460,1418, 
ageCat5,1728,1746, 
ageCat6,668,702, 
ageCat7,308,416, 
ageCat8,158,216, 
, , , 
ageCat1,26,29,zcta56
ageCat2,67,52, 
ageCat3,94,82, 
ageCat4,79,74, 
ageCat5,120,122, 
ageCat6,43,46, 
ageCat7,32,28, 
ageCat8,18,23, 
, , , 
ageCat1,741,664,zcta57
ageCat2,1548,1508, 
ageCat3,2465,2318, 
ageCat4,2080,2194, 
ageCat5,2593,2735, 
ageCat6,1094,1273, 
ageCat7,531,720, 
ageCat8,312,557, 
, , , 
ageCat1,1565,1451,zcta58
ageCat2,3008,2954, 
ageCat3,4559,4583, 
ageCat4,4660,4712, 
ageCat5,3815,4082, 
ageCat6,1308,1627, 
ageCat7,690,882, 
ageCat8,458,838, 
, , , 
ageCat1,0,1,zcta59
ageCat2,3,2, 
ageCat3,7,6, 
ageCat4,2,5, 
ageCat5,9,8, 
ageCat6,2,3, 
ageCat7,3,2, 
ageCat8,2,0, 
, , , 
ageCat1,9,5,zcta60
ageCat2,16,15, 
ageCat3,14,10, 
ageCat4,17,15, 
ageCat5,11,10, 
ageCat6,4,6, 
ageCat7,3,2, 
ageCat8,3,6, 
, , , 
ageCat1,37,30,zcta61
ageCat2,84,88, 
ageCat3,131,112, 
ageCat4,108,102, 
ageCat5,152,164, 
ageCat6,62,59, 
ageCat7,31,34, 
ageCat8,12,20, 
, , , 
ageCat1,805,827,zcta62
ageCat2,2063,1942, 
ageCat3,2540,2384, 
ageCat4,2264,2466, 
ageCat5,3577,3961, 
ageCat6,1610,1724, 
ageCat7,891,925, 
ageCat8,499,636, 
, , , 
ageCat1,147,140,zcta63
ageCat2,374,365, 
ageCat3,402,282, 
ageCat4,462,537, 
ageCat5,687,758, 
ageCat6,522,572, 
ageCat7,325,328, 
ageCat8,128,151, 
, , , 
ageCat1,64,45,zcta64
ageCat2,173,161, 
ageCat3,240,208, 
ageCat4,232,194, 
ageCat5,536,597, 
ageCat6,324,301, 
ageCat7,130,118, 
ageCat8,44,55, 
, , , 
ageCat1,99,68,zcta65
ageCat2,193,180, 
ageCat3,260,198, 
ageCat4,251,215, 
ageCat5,281,252, 
ageCat6,165,125, 
ageCat7,70,79, 
ageCat8,34,63, 
, , , 
ageCat1,1559,1400,zcta66
ageCat2,2510,2336, 
ageCat3,3484,3684, 
ageCat4,4182,4216, 
ageCat5,3190,3426, 
ageCat6,1275,1391, 
ageCat7,546,674, 
ageCat8,322,542, 
, , , 
ageCat1,185,161,zcta67
ageCat2,353,399, 
ageCat3,492,469, 
ageCat4,455,490, 
ageCat5,502,505, 
ageCat6,174,201, 
ageCat7,113,142, 
ageCat8,50,78, 
, , , 
ageCat1,165,165,zcta68
ageCat2,477,441, 
ageCat3,562,554, 
ageCat4,485,521, 
ageCat5,888,962, 
ageCat6,463,407, 
ageCat7,237,224, 
ageCat8,94,113, 
, , , 
ageCat1,287,266,zcta69
ageCat2,667,623, 
ageCat3,1039,932, 
ageCat4,836,850, 
ageCat5,1121,1089, 
ageCat6,410,403, 
ageCat7,192,206, 
ageCat8,98,137, 
, , , 
ageCat1,1387,1331,zcta70
ageCat2,2594,2527, 
ageCat3,4083,3742, 
ageCat4,3492,3553, 
ageCat5,3831,4134, 
ageCat6,1733,1904, 
ageCat7,845,1128, 
ageCat8,614,1048, 
, , , 
ageCat1,12,13,zcta71
ageCat2,43,37, 
ageCat3,27,53, 
ageCat4,36,45, 
ageCat5,51,50, 
ageCat6,17,14, 
ageCat7,12,5, 
ageCat8,4,6, 
, , , 
ageCat1,7,2,zcta72
ageCat2,14,17, 
ageCat3,11,19, 
ageCat4,23,23, 
ageCat5,34,29, 
ageCat6,14,15, 
ageCat7,8,8, 
ageCat8,9,3, 
, , , 
ageCat1,28,17,zcta73
ageCat2,57,46, 
ageCat3,75,59, 
ageCat4,65,64, 
ageCat5,183,163, 
ageCat6,79,71, 
ageCat7,26,22, 
ageCat8,11,17, 
, , , 
ageCat1,24,21,zcta74
ageCat2,50,51, 
ageCat3,81,71, 
ageCat4,64,48, 
ageCat5,129,122, 
ageCat6,80,65, 
ageCat7,29,28, 
ageCat8,16,18, 
, , , 
ageCat1,118,119,zcta75
ageCat2,286,280, 
ageCat3,370,335, 
ageCat4,339,330, 
ageCat5,604,626, 
ageCat6,348,334, 
ageCat7,229,227, 
ageCat8,100,127, 
, , , 
ageCat1,224,212,zcta76
ageCat2,603,536, 
ageCat3,794,710, 
ageCat4,742,788, 
ageCat5,1307,1329, 
ageCat6,665,633, 
ageCat7,298,308, 
ageCat8,145,201, 
, , , 
ageCat1,6,3,zcta77
ageCat2,15,16, 
ageCat3,28,19, 
ageCat4,21,28, 
ageCat5,64,55, 
ageCat6,44,28, 
ageCat7,18,18, 
ageCat8,13,6, 
, , , 
ageCat1,1,2,zcta78
ageCat2,10,6, 
ageCat3,6,7, 
ageCat4,11,8, 
ageCat5,29,21, 
ageCat6,4,1, 
ageCat7,4,3, 
ageCat8,0,2, 
, , , 
ageCat1,8,5,zcta79
ageCat2,2,9, 
ageCat3,11,13, 
ageCat4,13,12, 
ageCat5,47,31, 
ageCat6,22,22, 
ageCat7,13,9, 
ageCat8,4,10, 
, , , 
ageCat1,3,3,zcta80
ageCat2,8,6, 
ageCat3,6,7, 
ageCat4,12,10, 
ageCat5,27,27, 
ageCat6,15,21, 
ageCat7,5,3, 
ageCat8,1,3, 
, , , 
ageCat1,0,0,zcta81
ageCat2,1,0, 
ageCat3,3,0, 
ageCat4,4,3, 
ageCat5,7,5, 
ageCat6,3,5, 
ageCat7,3,2, 
ageCat8,1,0, 
, , , 
ageCat1,67,77,zcta82
ageCat2,268,228, 
ageCat3,382,296, 
ageCat4,276,303, 
ageCat5,658,730, 
ageCat6,368,354, 
ageCat7,203,185, 
ageCat8,82,108, 
, , , 
ageCat1,0,1,zcta83
ageCat2,0,0, 
ageCat3,15,2, 
ageCat4,3,1, 
ageCat5,3,0, 
ageCat6,1,0, 
ageCat7,0,0, 
ageCat8,0,1, 
, , , 
ageCat1,242,223,zcta84
ageCat2,518,495, 
ageCat3,679,641, 
ageCat4,739,691, 
ageCat5,1173,1266, 
ageCat6,660,612, 
ageCat7,322,296, 
ageCat8,140,145, 
, , , 
ageCat1,12,2,zcta85
ageCat2,14,13, 
ageCat3,35,21, 
ageCat4,50,32, 
ageCat5,69,46, 
ageCat6,34,30, 
ageCat7,14,10, 
ageCat8,3,1, 
, , , 
ageCat1,2,3,zcta86
ageCat2,3,0, 
ageCat3,1,1, 
ageCat4,7,7, 
ageCat5,14,7, 
ageCat6,9,7, 
ageCat7,2,2, 
ageCat8,2,1, 
, , , 
ageCat1,7,1,zcta87
ageCat2,12,5, 
ageCat3,51,45, 
ageCat4,23,17, 
ageCat5,26,29, 
ageCat6,4,7, 
ageCat7,4,5, 
ageCat8,2,2, 
, , , 
ageCat1,508,447,zcta88
ageCat2,588,545, 
ageCat3,707,804, 
ageCat4,1235,1144, 
ageCat5,583,580, 
ageCat6,190,214, 
ageCat7,68,69, 
ageCat8,24,43, 
, , , 
ageCat1,385,404,zcta89
ageCat2,1809,1687, 
ageCat3,1774,1550, 
ageCat4,1310,1663, 
ageCat5,3167,3300, 
ageCat6,1291,1242, 
ageCat7,600,570, 
ageCat8,289,419, 
, , , 
ageCat1,1847,1819,zcta90
ageCat2,4296,4203, 
ageCat3,4119,4250, 
ageCat4,5434,5962, 
ageCat5,4747,5069, 
ageCat6,1779,2373, 
ageCat7,1532,2088, 
ageCat8,1011,1341, 
, , , 
ageCat1,1785,1730,zcta91
ageCat2,3821,3574, 
ageCat3,4213,3636, 
ageCat4,5277,5405, 
ageCat5,3533,3380, 
ageCat6,995,1239, 
ageCat7,484,657, 
ageCat8,184,309, 
, , , 
ageCat1,2189,2079,zcta92
ageCat2,5074,4871, 
ageCat3,6268,6363, 
ageCat4,5904,6981, 
ageCat5,6239,6992, 
ageCat6,1844,2324, 
ageCat7,908,1213, 
ageCat8,456,730, 
, , , 
ageCat1,1178,1071,zcta93
ageCat2,3612,3488, 
ageCat3,2829,2772, 
ageCat4,3538,4157, 
ageCat5,4945,4963, 
ageCat6,1832,1885, 
ageCat7,858,851, 
ageCat8,328,490, 
, , , 
ageCat1,1139,1061,zcta94
ageCat2,3184,3049, 
ageCat3,3257,3349, 
ageCat4,3576,4094, 
ageCat5,3379,3485, 
ageCat6,977,1191, 
ageCat7,539,733, 
ageCat8,352,609, 
, , , 
ageCat1,949,939,zcta95
ageCat2,1842,1779, 
ageCat3,2795,2506, 
ageCat4,2401,2493, 
ageCat5,1987,1979, 
ageCat6,610,651, 
ageCat7,268,329, 
ageCat8,143,231, 
, , , 
ageCat1,123,115,zcta96
ageCat2,175,209, 
ageCat3,1123,1168, 
ageCat4,1242,788, 
ageCat5,1166,666, 
ageCat6,302,220, 
ageCat7,83,85, 
ageCat8,51,79, 
, , , 
ageCat1,91,67,zcta97
ageCat2,114,118, 
ageCat3,2015,1224, 
ageCat4,1729,706, 
ageCat5,1278,656, 
ageCat6,521,351, 
ageCat7,271,260, 
ageCat8,190,331, 
, , , 
ageCat1,1118,1065,zcta98
ageCat2,1815,1730, 
ageCat3,3010,3115, 
ageCat4,2569,2299, 
ageCat5,2461,2333, 
ageCat6,868,866, 
ageCat7,410,474, 
ageCat8,203,344, 
, , , 
ageCat1,277,231,zcta99
ageCat2,356,376, 
ageCat3,2157,2526, 
ageCat4,2240,1966, 
ageCat5,1542,1436, 
ageCat6,655,692, 
ageCat7,235,309, 
ageCat8,155,426, 
, , , 
ageCat1,444,454,zcta100
ageCat2,713,752, 
ageCat3,1669,1893, 
ageCat4,1473,1555, 
ageCat5,1185,1337, 
ageCat6,465,528, 
ageCat7,231,384, 
ageCat8,146,305, 
, , , 
ageCat1,636,652,zcta101
ageCat2,993,1054, 
ageCat3,1595,1909, 
ageCat4,2264,2298, 
ageCat5,2096,2448, 
ageCat6,995,1149, 
ageCat7,419,478, 
ageCat8,276,549, 
, , , 
ageCat1,454,454,zcta102
ageCat2,740,776, 
ageCat3,1822,2063, 
ageCat4,1761,1900, 
ageCat5,1668,1918, 
ageCat6,871,993, 
ageCat7,366,460, 
ageCat8,296,599, 
, , , 
ageCat1,1366,1392,zcta103
ageCat2,2508,2529, 
ageCat3,3928,3844, 
ageCat4,3558,3666, 
ageCat5,3179,3438, 
ageCat6,1215,1392, 
ageCat7,600,759, 
ageCat8,397,709, 
, , , 
ageCat1,1129,1093,zcta104
ageCat2,1913,1923, 
ageCat3,3245,3333, 
ageCat4,3192,3238, 
ageCat5,3527,3913, 
ageCat6,1515,1872, 
ageCat7,822,1111, 
ageCat8,643,1081, 
, , , 
ageCat1,1536,1434,zcta105
ageCat2,2948,2931, 
ageCat3,4415,4252, 
ageCat4,3656,3907, 
ageCat5,3941,4383, 
ageCat6,1736,2082, 
ageCat7,1153,1554, 
ageCat8,913,1506, 
, , , 
ageCat1,3420,3402,zcta106
ageCat2,6388,6110, 
ageCat3,9165,9550, 
ageCat4,6825,7303, 
ageCat5,5741,6654, 
ageCat6,2246,2704, 
ageCat7,1188,1637, 
ageCat8,636,1016, 
, , , 
ageCat1,1431,1345,zcta107
ageCat2,2586,2467, 
ageCat3,4009,3658, 
ageCat4,3054,2903, 
ageCat5,2562,2489, 
ageCat6,859,1037, 
ageCat7,459,593, 
ageCat8,303,466, 
, , , 
ageCat1,1052,1061,zcta108
ageCat2,1455,1315, 
ageCat3,4399,4866, 
ageCat4,3071,2860, 
ageCat5,2422,2723, 
ageCat6,1058,1406, 
ageCat7,616,871, 
ageCat8,602,1307, 
, , , 
ageCat1,1201,1119,zcta109
ageCat2,2047,1817, 
ageCat3,5139,5157, 
ageCat4,3502,3556, 
ageCat5,3190,3505, 
ageCat6,1469,1820, 
ageCat7,854,1117, 
ageCat8,414,721, 
, , , 
ageCat1,708,670,zcta110
ageCat2,1398,1288, 
ageCat3,2482,2248, 
ageCat4,1988,2008, 
ageCat5,2017,2233, 
ageCat6,838,940, 
ageCat7,406,519, 
ageCat8,194,332, 
, , , 
ageCat1,2297,2109,zcta111
ageCat2,4690,4440, 
ageCat3,7165,6650, 
ageCat4,5426,5512, 
ageCat5,5119,5676, 
ageCat6,2122,2507, 
ageCat7,1075,1531, 
ageCat8,624,919, 
, , , 
ageCat1,911,845,zcta112
ageCat2,2181,2124, 
ageCat3,2667,2562, 
ageCat4,2526,2794, 
ageCat5,2572,2780, 
ageCat6,821,832, 
ageCat7,357,399, 
ageCat8,139,245, 
, , , 
ageCat1,19,23,zcta113
ageCat2,72,70, 
ageCat3,96,58, 
ageCat4,86,87, 
ageCat5,123,106, 
ageCat6,64,49, 
ageCat7,23,31, 
ageCat8,8,19, 
, , , 
ageCat1,1114,1007,zcta114
ageCat2,2258,2114, 
ageCat3,3814,3898, 
ageCat4,3120,3520, 
ageCat5,4497,5486, 
ageCat6,2347,2780, 
ageCat7,1369,1620, 
ageCat8,901,1476, 
, , , 
ageCat1,603,554,zcta115
ageCat2,1108,1114, 
ageCat3,1720,1791, 
ageCat4,965,1088, 
ageCat5,826,917, 
ageCat6,300,369, 
ageCat7,167,212, 
ageCat8,74,116, 
, , , 
ageCat1,1545,1446,zcta116
ageCat2,2538,2513, 
ageCat3,4905,4967, 
ageCat4,4175,4301, 
ageCat5,3226,3730, 
ageCat6,1121,1273, 
ageCat7,452,556, 
ageCat8,228,317, 
, , , 
ageCat1,1296,1182,zcta117
ageCat2,1859,1801, 
ageCat3,3476,3857, 
ageCat4,3053,3134, 
ageCat5,1826,2118, 
ageCat6,665,742, 
ageCat7,261,358, 
ageCat8,102,169, 
, , , 
ageCat1,1697,1718,zcta118
ageCat2,2747,2489, 
ageCat3,3522,3777, 
ageCat4,5012,5276, 
ageCat5,2621,2988, 
ageCat6,1176,1391, 
ageCat7,439,596, 
ageCat8,175,312, 
, , , 
ageCat1,4,6,zcta119
ageCat2,19,16, 
ageCat3,18,20, 
ageCat4,21,20, 
ageCat5,46,46, 
ageCat6,35,30, 
ageCat7,11,11, 
ageCat8,6,6, 
, , , 
ageCat1,1769,1697,zcta120
ageCat2,3186,3117, 
ageCat3,4772,4727, 
ageCat4,3527,3498, 
ageCat5,3135,3295, 
ageCat6,1038,1161, 
ageCat7,499,634, 
ageCat8,259,450, 
, , , 
ageCat1,787,751,zcta121
ageCat2,1239,1152, 
ageCat3,2376,2488, 
ageCat4,1923,1949, 
ageCat5,1694,1896, 
ageCat6,645,917, 
ageCat7,440,531, 
ageCat8,243,417, 
, , , 
ageCat1,1464,1361,zcta122
ageCat2,2427,2255, 
ageCat3,3893,4075, 
ageCat4,3144,3263, 
ageCat5,2845,3200, 
ageCat6,923,1191, 
ageCat7,503,695, 
ageCat8,258,309, 
, , , 
ageCat1,1738,1672,zcta123
ageCat2,3963,3943, 
ageCat3,5135,5202, 
ageCat4,4648,5186, 
ageCat5,4357,4709, 
ageCat6,1282,1435, 
ageCat7,541,707, 
ageCat8,205,325, 
, , , 
ageCat1,588,592,zcta124
ageCat2,1404,1364, 
ageCat3,1714,1651, 
ageCat4,1728,1941, 
ageCat5,2516,2864, 
ageCat6,1271,1481, 
ageCat7,762,924, 
ageCat8,630,1017, 
, , , 
ageCat1,1316,1265,zcta125
ageCat2,2440,2267, 
ageCat3,3761,3625, 
ageCat4,2912,2786, 
ageCat5,3000,3063, 
ageCat6,1207,1251, 
ageCat7,699,790, 
ageCat8,325,607, 
, , , 
ageCat1,137,130,zcta126
ageCat2,144,136, 
ageCat3,526,285, 
ageCat4,150,169, 
ageCat5,28,20, 
ageCat6,3,3, 
ageCat7,0,1, 
ageCat8,0,0, 
, , , 
ageCat1,15,16,zcta127
ageCat2,30,27, 
ageCat3,41,41, 
ageCat4,44,39, 
ageCat5,78,87, 
ageCat6,39,45, 
ageCat7,31,17, 
ageCat8,12,16, 
, , , 
ageCat1,57,62,zcta128
ageCat2,139,138, 
ageCat3,166,138, 
ageCat4,173,178, 
ageCat5,319,323, 
ageCat6,201,179, 
ageCat7,105,96, 
ageCat8,31,34, 
, , , 
ageCat1,42,26,zcta129
ageCat2,88,61, 
ageCat3,104,98, 
ageCat4,86,95, 
ageCat5,172,171, 
ageCat6,104,119, 
ageCat7,63,75, 
ageCat8,33,41, 
, , , 
ageCat1,22,10,zcta130
ageCat2,36,23, 
ageCat3,48,45, 
ageCat4,59,53, 
ageCat5,92,93, 
ageCat6,71,60, 
ageCat7,31,24, 
ageCat8,13,7, 
, , , 
ageCat1,7,9,zcta131
ageCat2,23,29, 
ageCat3,26,13, 
ageCat4,31,27, 
ageCat5,39,36, 
ageCat6,17,12, 
ageCat7,5,11, 
ageCat8,6,4, 
, , , 
ageCat1,2,2,zcta132
ageCat2,1,2, 
ageCat3,7,3, 
ageCat4,7,7, 
ageCat5,7,4, 
ageCat6,11,10, 
ageCat7,1,2, 
ageCat8,1,2, 
, , , 
ageCat1,17,10,zcta133
ageCat2,51,29, 
ageCat3,49,39, 
ageCat4,43,41, 
ageCat5,97,86, 
ageCat6,52,53, 
ageCat7,21,13, 
ageCat8,14,16, 
, , , 
ageCat1,39,61,zcta134
ageCat2,98,108, 
ageCat3,111,133, 
ageCat4,132,107, 
ageCat5,141,155, 
ageCat6,92,113, 
ageCat7,71,59, 
ageCat8,29,42, 
, , , 
ageCat1,12,6,zcta135
ageCat2,26,20, 
ageCat3,34,26, 
ageCat4,30,33, 
ageCat5,90,82, 
ageCat6,50,59, 
ageCat7,39,25, 
ageCat8,12,19, 
, , , 
ageCat1,401,435,zcta136
ageCat2,852,798, 
ageCat3,1189,1049, 
ageCat4,969,977, 
ageCat5,985,999, 
ageCat6,486,521, 
ageCat7,303,380, 
ageCat8,176,290, 
, , , 
ageCat1,379,427,zcta137
ageCat2,850,885, 
ageCat3,1134,1119, 
ageCat4,997,1140, 
ageCat5,977,1028, 
ageCat6,438,470, 
ageCat7,263,272, 
ageCat8,121,218, 
, , , 
ageCat1,25,18,zcta138
ageCat2,48,49, 
ageCat3,53,61, 
ageCat4,73,56, 
ageCat5,117,86, 
ageCat6,39,44, 
ageCat7,34,25, 
ageCat8,9,24, 
, , , 
ageCat1,22,11,zcta139
ageCat2,46,28, 
ageCat3,61,62, 
ageCat4,75,59, 
ageCat5,116,116, 
ageCat6,68,61, 
ageCat7,27,22, 
ageCat8,7,15, 
, , , 
ageCat1,1374,1271,zcta140
ageCat2,2493,2301, 
ageCat3,2974,3083, 
ageCat4,2928,2821, 
ageCat5,2219,2141, 
ageCat6,783,894, 
ageCat7,422,426, 
ageCat8,163,217, 
, , , 
ageCat1,31,32,zcta141
ageCat2,95,80, 
ageCat3,78,81, 
ageCat4,138,132, 
ageCat5,250,238, 
ageCat6,134,136, 
ageCat7,49,45, 
ageCat8,24,24, 
, , , 
ageCat1,897,943,zcta142
ageCat2,1958,1833, 
ageCat3,2912,2705, 
ageCat4,2307,2322, 
ageCat5,3220,3335, 
ageCat6,1897,2102, 
ageCat7,1180,1277, 
ageCat8,714,1041, 
, , , 
ageCat1,48,39,zcta143
ageCat2,105,117, 
ageCat3,138,133, 
ageCat4,157,160, 
ageCat5,213,220, 
ageCat6,119,104, 
ageCat7,38,47, 
ageCat8,21,19, 
, , , 
ageCat1,3,5,zcta144
ageCat2,3,6, 
ageCat3,4,9, 
ageCat4,6,5, 
ageCat5,14,10, 
ageCat6,11,11, 
ageCat7,7,3, 
ageCat8,0,0, 
, , , 
ageCat1,106,93,zcta145
ageCat2,247,213, 
ageCat3,357,275, 
ageCat4,264,281, 
ageCat5,399,417, 
ageCat6,168,140, 
ageCat7,86,90, 
ageCat8,27,58, 
, , , 
ageCat1,1797,1818,zcta146
ageCat2,3246,3122, 
ageCat3,4801,4480, 
ageCat4,4013,3820, 
ageCat5,3470,3600, 
ageCat6,1395,1693, 
ageCat7,864,1097, 
ageCat8,466,911, 
, , , 
ageCat1,1207,1083,zcta147
ageCat2,2742,2590, 
ageCat3,3781,3536, 
ageCat4,3394,3478, 
ageCat5,3596,3647, 
ageCat6,1679,1863, 
ageCat7,1069,1207, 
ageCat8,491,704, 
, , , 
ageCat1,67,57,zcta148
ageCat2,106,124, 
ageCat3,379,273, 
ageCat4,362,283, 
ageCat5,407,410, 
ageCat6,250,199, 
ageCat7,89,91, 
ageCat8,29,35, 
, , , 
ageCat1,22,20,zcta149
ageCat2,76,40, 
ageCat3,216,137, 
ageCat4,165,105, 
ageCat5,154,153, 
ageCat6,104,70, 
ageCat7,52,30, 
ageCat8,13,9, 
, , , 
ageCat1,1,0,zcta150
ageCat2,1,0, 
ageCat3,0,0, 
ageCat4,1,1, 
ageCat5,1,0, 
ageCat6,1,2, 
ageCat7,0,0, 
ageCat8,0,0, 
, , , 
ageCat1,622,553,zcta151
ageCat2,1165,1153, 
ageCat3,1856,1564, 
ageCat4,2262,2012, 
ageCat5,2339,2273, 
ageCat6,990,841, 
ageCat7,337,278, 
ageCat8,98,108, 
, , , 